{
	"metadata" : {
		"formatVersion" : 3,
		"description" : "Exported from LibZinc."
	},

	"materials" : [ {
	"DbgColor" : 15658734,
	"DbgIndex" : 0,
	"DbgName" : "my_material",
	"colorDiffuse" : [1, 1, 0],
	"colorSpecular" : [0.1, 0.1, 0.1],
	"shading" : "Phong",
	"specularCoef" : 20,
	"opacity" : 1,
	"vertexColors" : true
	}],

	"vertices" : [
		0.000000,0.000000,0.500000,1.000000,0.000000,0.500000,0.000000,0.433013,0.250000,1.000000,0.433013,0.250000,0.000000,0.433013,-0.250000,1.000000,0.433013,-0.250000,0.000000,0.000000,-0.500000,1.000000,0.000000,-0.500000,0.000000,-0.433013,-0.250000,1.000000,-0.433013,-0.250000,
		0.000000,-0.433013,0.250000,1.000000,-0.433013,0.250000,0.000000,-0.000000,0.500000,1.000000,-0.000000,0.500000
	],

	"normals" : [
		-0.000000,0.000000,1.000000,-0.000000,0.000000,1.000000,-0.000000,0.866025,0.500000,-0.000000,0.866025,0.500000,-0.000000,0.866025,-0.500000,-0.000000,0.866025,-0.500000,-0.000000,0.000000,-1.000000,-0.000000,0.000000,-1.000000,-0.000000,-0.866025,-0.500000,-0.000000,-0.866025,-0.500000,
		-0.000000,-0.866025,0.500000,-0.000000,-0.866025,0.500000,-0.000000,-0.000000,1.000000,-0.000000,-0.000000,1.000000
	],

	"faces": [
		32 ,0,1,2 ,0,1,2,
		32 ,2,1,3 ,2,1,3,
		32 ,2,3,4 ,2,3,4,
		32 ,4,3,5 ,4,3,5,
		32 ,4,5,6 ,4,5,6,
		32 ,6,5,7 ,6,5,7,
		32 ,6,7,8 ,6,7,8,
		32 ,8,7,9 ,8,7,9,
		32 ,8,9,10 ,8,9,10,
		32 ,10,9,11 ,10,9,11,
		32 ,10,11,12 ,10,11,12,
		32 ,12,11,13 ,12,11,13
	]

}
