{
	"metadata" : {
		"formatVersion" : 3,
		"description" : "Exported from LibZinc."
	},

	"materials" : [ {
	"DbgColor" : 15658734,
	"DbgIndex" : 0,
	"DbgName" : "my_material",
	"colorDiffuse" : [0.75, 0.75, 0.75],
	"colorSpecular" : [0.1, 0.1, 0.1],
	"shading" : "Phong",
	"specularCoef" : 20,
	"opacity" : 1,
	"vertexColors" : true
	}],

	"vertices" : [
		-0.500000,-0.500000,0.000000,0.500000,0.500000,0.000000,-0.500000,0.500000,0.000000,0.500000,0.500000,0.000000,-0.500000,-0.500000,0.000000,0.500000,-0.500000,0.000000
	],

	"normals" : [
		0.000000,0.000000,1.000000,0.000000,0.000000,1.000000,0.000000,0.000000,1.000000,0.000000,0.000000,1.000000,0.000000,0.000000,1.000000,0.000000,0.000000,1.000000
	],

	"faces": [
		32 ,0,1,2 ,0,1,2,
		32 ,3,4,5 ,3,4,5
	]

}
