{"farPlane": 619.719, "nearPlane": 0.0635308, "upVector": [ -0.985999, -0.0755618, -0.148649], "targetPosition": [ -1.79214, 6.73504, -5.51321], "eyePosition": [ 34.3462, -167.143, -156.835]}